{"_runtime":683.6571329,"_step":84,"_wandb":{"runtime":683},"precision":0.9668341883463171,"recall":0.9731013750090898,"f1-score":0.9696023583614255,"acc":0.9705240174672489,"_timestamp":1.740648567606817e+09}