{"f1-score":{"eval":0.8929297446739307,"train":0.8985735719402685},"acc":{"train":0.9031113537117904,"eval":0.8995633187772926},"_timestamp":1.7406499327550216e+09,"_runtime":103.6262877,"_step":8,"_wandb":{"runtime":103},"precision":{"train":0.9022632734870082,"eval":0.8833136327817179},"recall":{"train":0.895606840542577,"eval":0.9129945661402615}}