{"_timestamp":1.740647741007424e+09,"_runtime":543.8158511,"_step":64,"_wandb":{"runtime":543},"precision":0.9451704545454545,"recall":0.9538634707414095,"f1-score":0.9486736333020636,"acc":0.9500545851528385}