{"f1-score":{"train":0.8985735719402685,"eval":0.8929297446739307},"acc":{"eval":0.8995633187772926,"train":0.9031113537117904},"_wandb":{"runtime":40},"_timestamp":1.7406501250765655e+09,"_runtime":40.6439113,"_step":4,"precision":{"eval":0.8833136327817179,"train":0.9022632734870082},"recall":{"eval":0.9129945661402615,"train":0.895606840542577}}