{"precision":0.9450947035170394,"recall":0.9541911706685356,"f1-score":0.9487018118379411,"acc":0.9500545851528385,"_timestamp":1.7405659243823252e+09,"_runtime":482.8345263,"_wandb":{"runtime":482},"_step":49}