{"F1-score":{"Train":0.8985735719402685,"Eval":0.8929297446739307},"Accuracy":{"Train":0.9031113537117904,"Eval":0.8995633187772926},"_timestamp":1.7406494482640357e+09,"_wandb":{"runtime":45},"_runtime":45.5588254,"_step":4,"Precision":{"Train":0.9022632734870082,"Eval":0.8833136327817179},"Recall":{"Train":0.895606840542577,"Eval":0.9129945661402615}}